id,first_name,last_name,gender,address,post_code,email,username,dob,registered_date,thumbnail,age,phone
848eb89d31878bfe9ed42044eaf20ee2f01b68dde6502024b07a3127c4e716c6,Lucas,Wright,male," Tweed Street, Tauranga, Tasman, New Zealand",39234,lucas.wright@email.com,sadduck364,2001-03-31,2021-02-24 14:47:54.426000+05:30,https://randomuser.me/api/portraits/thumb/men/31.jpg,23,4309927513
aceaa21e33d293418c955385917f23880449a34d26eed511bdbf3da3a73d6323,Yash,Salian,male," Gali Paranthe Wali, Bahraich, Arunachal Pradesh, India",90040,yash.salian@email.com,lazymeercat386,1992-06-11,2018-11-15 16:52:26.880000+05:30,https://randomuser.me/api/portraits/thumb/men/1.jpg,32,9640894645
020f4ea0073d0051a29d122b5c6acb7588ce1dd3b78d434b72c40c9a94991cc6,Savannah,Walker,female," Taharoto Road, Hamilton, Northland, New Zealand",17593,savannah.walker@email.com,orangemouse927,1992-09-28,2020-07-04 04:09:54.545000+05:30,https://randomuser.me/api/portraits/thumb/women/71.jpg,32,5785936409
60eb8e53237f3a75eeb49692c670b3906b991f1c3b44dfee23d24a83ffa14464,Norival,Farias,male," Rua Vinte de Setembro, Franco da Rocha, Rio Grande do Sul, Brazil",53792,norival.farias@email.com,goldenswan781,1994-09-11,2014-04-28 13:31:30.915000+05:30,https://randomuser.me/api/portraits/thumb/men/14.jpg,30,6986077023
36369322e86dcf58a4b5d4acd1bdadbdcdb8e779170fcb39ca636106a05c0716,Peter,Holt,male," W Pecan St, West Jordan, Connecticut, United States",81242,peter.holt@email.com,happygorilla298,1999-10-05,2007-02-20 05:23:17.886000+05:30,https://randomuser.me/api/portraits/thumb/men/9.jpg,25,7829647001
472f56a5216daf40fe35aa41221b2006ec082a4d1b3016fb0badbc0f3f4b1ac9,Sarthak,Uchil,male," Shivajinagar, Jamalpur, Telangana, India",98183,sarthak.uchil@email.com,goldenlion755,1994-09-12,2011-01-30 10:22:11.530000+05:30,https://randomuser.me/api/portraits/thumb/men/79.jpg,30,8716698230
f91a84d91a1dea649507b30d4787713650a87482f145eb75e62f46a8d040d6c3,Apolo,Barros,male," Rua Vinte E Quatro de Outubro, Marituba, Sergipe, Brazil",87201,apolo.barros@email.com,sadfrog912,1986-12-30,2009-01-13 08:46:59.807000+05:30,https://randomuser.me/api/portraits/thumb/men/42.jpg,37,9751860170
88ba458a8ad60dd83fa232e9ed591e069c47fca58139baa44d361495f01c136d,Jose,Williamson,male," Nowlin Rd, Desoto, California, United States",37617,jose.williamson@email.com,blackgorilla773,1991-01-06,2010-03-23 19:57:31.542000+05:30,https://randomuser.me/api/portraits/thumb/men/6.jpg,33,8402630034
1ace98944ab6571255cc1d5d94e0835ed03fa43050c25adbbf7589a24ad08d23,Kuzey,Yorulmaz,male," ehitler Cd, Zonguldak, Samsun, Turkey",37529,kuzey.yorulmaz@email.com,bluezebra650,2000-10-05,2020-02-13 12:31:19.299000+05:30,https://randomuser.me/api/portraits/thumb/men/67.jpg,24,5472981586
ca7976aeda74a3a801f3bad0c65e851b6d9edce06338f813cb9edcb3fe24375a,Rishaan,Namnaik,male," Sao Tome Old Quarter, Salem, Andaman and Nicobar Islands, India",18307,rishaan.namnaik@email.com,crazyladybug517,1992-11-27,2012-04-20 03:15:52.320000+05:30,https://randomuser.me/api/portraits/thumb/men/34.jpg,31,8482629581
a53b682e8723224e6ff9b0334c25a1b2aa6af9a764ba30317e289811fb11e602,Letitia,Hopkins,female," Poplar Dr, Syracuse, Kansas, United States",30708,letitia.hopkins@email.com,bluegorilla725,1987-12-29,2006-09-03 02:35:35.470000+05:30,https://randomuser.me/api/portraits/thumb/women/75.jpg,36,8655683366
22740909cc0e16f5f1c0874a27de20539260901e8b0621fdbaa7dcae57ca5ee5,Helen,da Mota,female," Rua Belo Horizonte , Belo Horizonte, Mato Grosso do Sul, Brazil",85394,helen.damota@email.com,sadduck872,1999-11-25,2011-04-16 10:22:16.645000+05:30,https://randomuser.me/api/portraits/thumb/women/31.jpg,24,4606304827
5308bdf38f3c1b0de746136b62d0783536849f6ac83b2af5c3792aac6ddf0253,Sonia,Carroll,female," E North St, Arvada, Nebraska, United States",79811,sonia.carroll@email.com,yellowtiger838,1985-04-26,2014-11-06 00:17:57.990000+05:30,https://randomuser.me/api/portraits/thumb/women/52.jpg,39,6388361796
e0a0828e2933b0c17dbeaef555ecbab9d9403ea27192e14f9883e733405d53f1,Leah,Turner,female," Titahi Bay Road, Hastings, Nelson, New Zealand",61817,leah.turner@email.com,crazyleopard320,1997-12-07,2010-06-29 16:07:56.061000+05:30,https://randomuser.me/api/portraits/thumb/women/14.jpg,26,8151687122
67d275ab8a2b821ce20a2c16504d8b07cc15559f914e74699ce413d4e05e6061,Ignacio,Aguirre,male," Diagonal Chile, El Ingenio Azucarero, Chihuahua, Mexico",16830,ignacio.aguirre@email.com,beautifulpeacock428,1991-10-04,2006-04-16 15:55:48.909000+05:30,https://randomuser.me/api/portraits/thumb/men/29.jpg,33,6020388745
61986dfb8fce2a7d31a0a96a1b9984e305654c498954feecd293d411ba119701,Summer,King,female," Guyton Street, Christchurch, Canterbury, New Zealand",99610,summer.king@email.com,greenzebra723,1997-06-12,2017-12-03 17:04:39.192000+05:30,https://randomuser.me/api/portraits/thumb/women/36.jpg,27,2691241153
a987e9bcf4577f6abb74c6f8c794570712a84a90813128a0a9ef1e8bd6ba35f1,Flenn,Griffin,male," Brown Terrace, Palmdale, Minnesota, United States",22982,flenn.griffin@email.com,happywolf611,1991-07-07,2004-01-07 15:19:38.273000+05:30,https://randomuser.me/api/portraits/thumb/men/64.jpg,33,5864602823
b10cbc6368c2682871dbc1d3b5b66bf6a37f548326eca418fa362a38a8b80203,Nurdan,Polat,female," Filistin Cd, Gaziantep, Tokat, Turkey",54584,nurdan.polat@email.com,sadleopard766,2000-10-02,2005-07-05 09:55:16.547000+05:30,https://randomuser.me/api/portraits/thumb/women/0.jpg,24,2333366371
8a92f84957a513b69fec24f10ea17749f5eac5ad0d5d4142c23b529646d1512a,Vildan,Erbay,female," Vatan Cd, Afyonkarahisar, Zonguldak, Turkey",69961,vildan.erbay@email.com,angrycat257,1989-10-28,2019-05-31 05:00:39.348000+05:30,https://randomuser.me/api/portraits/thumb/women/24.jpg,35,5246326013
5ec339591d98896ced6c354dadd828d656a3dce570e5ab48787722e067508c1c,Pratyush,Bangera,male," Lindsay St, Chittoor, Uttar Pradesh, India",94558,pratyush.bangera@email.com,purpleostrich878,1991-02-01,2019-10-09 18:08:12.089000+05:30,https://randomuser.me/api/portraits/thumb/men/95.jpg,33,8815743710
0e017b4e9df4da6bd7784e211134e54d5e6a72844b8f1df2a0ee32f36bbcb6fd,Nelci,Ramos,female," Rua Bela Vista , Caxias, Santa Catarina, Brazil",67250,nelci.ramos@email.com,beautifulbutterfly730,2000-10-19,2006-09-06 05:51:35.987000+05:30,https://randomuser.me/api/portraits/thumb/women/44.jpg,24,6447985652
c6d0473c845c357acb5ef6ec4cdfd1705dfde1e0cef843b3e0a4cad0d8164b9b,Dylan,Hopkins,male," Valley View Ln, Henderson, Georgia, United States",94271,dylan.hopkins@email.com,organicfrog344,1999-12-23,2014-06-27 00:29:37.324000+05:30,https://randomuser.me/api/portraits/thumb/men/43.jpg,24,5805264834
623a609740247ec00d4bbd4e4c26979c38c2efb83fdf24e97ab6114ad44f304b,Dayane,Peixoto,female," Rua Alagoas , Piracicaba, Rio Grande do Norte, Brazil",63934,dayane.peixoto@email.com,organicpanda998,1999-05-14,2010-08-28 06:27:16.638000+05:30,https://randomuser.me/api/portraits/thumb/women/66.jpg,25,4542789753
a83303557a7f070a1911eb7710dffdccc29a151a284ef2222bdf6a0b038a63f8,Aaliyah,Williams,female," Pakuranga Road, Hamilton, Otago, New Zealand",98716,aaliyah.williams@email.com,organicleopard159,1988-01-26,2017-08-05 05:19:42.857000+05:30,https://randomuser.me/api/portraits/thumb/women/44.jpg,36,2954902836
b477f847a18a997defe5ce79412e3869eebc45cc8cb0ec1977f474ee42129dd3,Mestan,Erbulak,female," Vatan Cd, Kastamonu, Eskiehir, Turkey",42143,mestan.erbulak@email.com,greenleopard301,1997-05-25,2016-11-15 22:01:26.922000+05:30,https://randomuser.me/api/portraits/thumb/women/64.jpg,27,5982043251
7bf64d091a914a435aaaa032c9385fadf3f7ed197ab823458ff68c760d8131d3,Kerim,Atan,male," Istiklal Cd, Sakarya, Nevehir, Turkey",13381,kerim.atan@email.com,goldenladybug508,1987-02-09,2003-04-03 17:32:39.173000+05:30,https://randomuser.me/api/portraits/thumb/men/94.jpg,37,5701391504
30e590519a64544612d4bc047d3d4f738725204b3c1d379eff52d648398a2317,Swarna,Nair,female," Bandstand Promenade, Mathura, Rajasthan, India",44865,swarna.nair@email.com,ticklishswan445,1988-03-18,2018-11-03 10:06:18.228000+05:30,https://randomuser.me/api/portraits/thumb/women/50.jpg,36,9862961966
e24ee4d60ebf0e2b14a8e616e74c75913f2a5d90f69008ee401bacba7e8313b4,Ranbir,Kouser,male," Janpath, Bilaspur, Meghalaya, India",70319,ranbir.kouser@email.com,blackfrog984,1999-09-06,2018-11-11 04:05:22.507000+05:30,https://randomuser.me/api/portraits/thumb/men/29.jpg,25,8113103156
9b90e6072737ce7464edac05949eb1c26b0f4e72945952f0c73544f8bb8d955a,Marisol,Tapia,female," Prolongacin Albania, Baca, Yucatan, Mexico",36950,marisol.tapia@email.com,orangepeacock124,1991-02-21,2016-01-31 09:08:24.285000+05:30,https://randomuser.me/api/portraits/thumb/women/14.jpg,33,6923134400
a42da305ba06b7a74816ee002ef182e2ef5aeebd016a00714d8a25f33068a97b,Joel,Griffin,male," Cherry St, Bozeman, North Carolina, United States",93391,joel.griffin@email.com,bluedog815,1994-02-28,2015-05-06 08:01:06.489000+05:30,https://randomuser.me/api/portraits/thumb/men/0.jpg,30,8313520000
164eb9323eb0406aba72efbd0d4d326cb11191be6c895f154111230b11af5c03,Nixon,Wood,male," Port Hills Road, Timaru, HawkeS Bay, New Zealand",64491,nixon.wood@email.com,redwolf553,1999-10-04,2009-01-29 04:28:08.855000+05:30,https://randomuser.me/api/portraits/thumb/men/13.jpg,25,3566064361
2199feb21b85ce0a22e0486794c04a816bcaf4a145ddda93126758985fbb9fc7,Rebecca,Steeves ,female," White Oak Dr, Buffalo, Kentucky, United States",51903,rebecca.steeves@email.com,smallpanda291,1992-04-20,2021-03-13 14:31:53.394000+05:30,https://randomuser.me/api/portraits/thumb/women/30.jpg,32,6048555978
e1dc30ed08afc8b96e348be2a18c349cf9cc902f57dec953505c8c0e0eeb5236,Reinhilde,Schlegel,female," Fliederweg, Weil Der Stadt, Berlin, Germany",84378,reinhilde.schlegel@email.com,heavyduck308,1999-12-16,2010-11-11 16:08:51.243000+05:30,https://randomuser.me/api/portraits/thumb/women/90.jpg,24,7986471117
960317cba7b3f055c1a6f880d9d411af2c0f183fbc3715b202eb90b129037ba3,Atiksh,Gamskar,male," Carter Rd Promenade, Chandrapur, Uttar Pradesh, India",45246,atiksh.gamskar@email.com,sadmeercat653,1991-02-27,2014-03-31 22:05:05.236000+05:30,https://randomuser.me/api/portraits/thumb/men/50.jpg,33,8695147344
a1c72b3e2e1e64d2b11070240f84f2da10dd4b3071963ea992dc558a05c55b06,Abraham,Villareal,male," Diagonal Nayarit, Jiquipilas, Tamaulipas, Mexico",33753,abraham.villareal@email.com,bluetiger660,1998-07-15,2005-04-17 03:37:36.534000+05:30,https://randomuser.me/api/portraits/thumb/men/50.jpg,26,6571353551
ba79e2e7d25bb622e54158df1d6c0833449adba1ee8033b68a4d77f4d1c46ce5,Kent,Henderson,male," Northaven Rd, Rochester, Tennessee, United States",49961,kent.henderson@email.com,orangekoala460,1997-10-02,2005-11-01 07:57:37.132000+05:30,https://randomuser.me/api/portraits/thumb/men/18.jpg,27,5453372230
531b9356236cdb6939abd02d4e1253ea70f952154f9fce248506c66476d2e3f0,Sindulfo,da Rocha,male," Rua Piau , Limeira, Amap, Brazil",73212,sindulfo.darocha@email.com,goldenfrog376,1999-04-05,2017-03-27 14:59:35.134000+05:30,https://randomuser.me/api/portraits/thumb/men/47.jpg,25,5124001371
62a7cef07942b2314ed4fb32d74ef772e2ddb017cf4b5e4558239d88e1df3f44,Grayson,Martin,male," Moorhouse Avenue, Nelson, Northland, New Zealand",94046,grayson.martin@email.com,blackcat140,1999-09-18,2016-09-27 03:09:58.915000+05:30,https://randomuser.me/api/portraits/thumb/men/17.jpg,25,8825214476
37fee5f1137a46d2f1b0b6e3c7ec0c21aaac5f75e567e42a88bf19ffe1faa147,Isaac,Day,male," Photinia Ave, Port St Lucie, North Dakota, United States",70410,isaac.day@email.com,ticklishbutterfly204,1988-12-02,2008-07-01 21:14:21.552000+05:30,https://randomuser.me/api/portraits/thumb/men/39.jpg,35,5249430465
ac02ddc097cd5d094bbe15ab54bd8fae1aeb3a6f0fe6e58dde89507f6a0c5931,Aiden,Garcia,male," W Campbell Ave, Oklahoma City, Arkansas, United States",77510,aiden.garcia@email.com,greenpanda242,1987-05-02,2007-04-23 07:40:54.437000+05:30,https://randomuser.me/api/portraits/thumb/men/89.jpg,37,3394413843
5f3de839ce08b5769bf9a5839780e00fcd847840307a6ad009ce7a4bffeabe58,Alexis,Graham,female," N Stelling Rd, Fargo, Texas, United States",56558,alexis.graham@email.com,sadmeercat960,1995-01-01,2009-05-20 04:06:56.821000+05:30,https://randomuser.me/api/portraits/thumb/women/61.jpg,29,6122686445
3c2ad8ad2add801de3a23509282942dbb5e9b4e33a82761b2e359649fda0debe,Matthias,Struck,male," Lerchenweg, Krakow am See, Brandenburg, Germany",89939,matthias.struck@email.com,orangemeercat402,1991-12-29,2014-06-15 17:07:31.391000+05:30,https://randomuser.me/api/portraits/thumb/men/55.jpg,32,9180928292
b3fd9dc72799fba81d11aba297d6f318c4a28c14b8cdeed3b11cb24fdbe6e4ad,Brandy,Lowe,female," Lone Wolf Trail, San Francisco, Delaware, United States",95138,brandy.lowe@email.com,ticklishladybug316,1991-12-22,2006-11-03 14:42:03.394000+05:30,https://randomuser.me/api/portraits/thumb/women/63.jpg,32,5972597865
c3560c0d53b116365a6b2d2208ef3164ce58f99a4fcdb95b9f29e5a9437e3b6b,Alberto,Richards,male," Fairview St, Stanley, Alabama, United States",25073,alberto.richards@email.com,tinytiger174,1998-03-12,2003-09-30 12:41:08.625000+05:30,https://randomuser.me/api/portraits/thumb/men/60.jpg,26,5707440144
50152e1348a520aafa39aa6f94230315c116b8439dc6de9b595be421828eca41,Luzie,Hecker,female," Am Sportplatz, Bdelsdorf, BadenWrttemberg, Germany",98994,luzie.hecker@email.com,orangedog790,1994-10-22,2012-12-24 20:22:14.716000+05:30,https://randomuser.me/api/portraits/thumb/women/29.jpg,30,1635344327
c3d7eacee05a818b06e0ca3f2a1953b356392d1f1dd54f088e8baf0e747545d6,Ladislaus,Weinmann,male," Industriestrae, Geislingen, Sachsen, Germany",58976,ladislaus.weinmann@email.com,purplemeercat548,1994-09-07,2008-11-14 18:37:49.357000+05:30,https://randomuser.me/api/portraits/thumb/men/52.jpg,30,3988758578
ff5bac28dfd5f48b5655c8a320a82eaa014fb60999be892787a1916b2ae02830,Ingra,Ferreira,female," Rua Paraba , So Lus, Distrito Federal, Brazil",35061,ingra.ferreira@email.com,crazyduck641,1989-10-28,2011-02-26 19:58:00.728000+05:30,https://randomuser.me/api/portraits/thumb/women/91.jpg,35,6622347019
5d0de9d0b6dd0ad0b98a30ff7a4cb7e9f6bf80d90bff70a9f44e616af9a4dd0b,Umang,Bhoja,male," Colaba Causeway, Aligarh, Arunachal Pradesh, India",60955,umang.bhoja@email.com,silverdog665,2000-04-09,2011-01-30 14:09:31.483000+05:30,https://randomuser.me/api/portraits/thumb/men/42.jpg,24,9421024992
fedebfe47160044c7139c61b9f08c34bf51df6d539b4a116bb88af8e4d00dfbc,Jeremiah,Gregory,male," Marsh Ln, Bakersfield, New Hampshire, United States",49451,jeremiah.gregory@email.com,whitesnake285,1986-12-27,2014-08-09 23:06:58.398000+05:30,https://randomuser.me/api/portraits/thumb/men/99.jpg,37,2669459317
a82666129bad69c149dc7dbca161b57d1bcca82d2cbdfd33053da74107d70ef4,Nikhitha,Prajapati,female," Somwar Peth, Miryalaguda, Odisha, India",80042,nikhitha.prajapati@email.com,tinybird697,1988-02-29,2021-09-03 01:18:35.969000+05:30,https://randomuser.me/api/portraits/thumb/women/68.jpg,36,9166313166
022cab86f542da2b7e3cca502a0330bf6ebc2535372ff2410b42173c1d83c244,Raunak,Kini,male," Car St, Gulbarga, Telangana, India",70567,raunak.kini@email.com,bluemouse297,1993-03-01,2007-08-21 13:10:14.766000+05:30,https://randomuser.me/api/portraits/thumb/men/64.jpg,31,9589420346
b8cd90bfab660b3002a9073925d81ce7f01c872a82ab12ab84fe3671f1749b21,Marion,Payne,male," Marsh Ln, Joliet, West Virginia, United States",99347,marion.payne@email.com,tinyduck908,1990-09-08,2021-09-24 22:31:27.001000+05:30,https://randomuser.me/api/portraits/thumb/men/16.jpg,34,8685455792
7305d5b7678acd875f50f1ea0dd42cbeb683379e71db8405062116b24ec54494,Chaitra,Gugale,female," Marine Drive, Vellore, Madhya Pradesh, India",81879,chaitra.gugale@email.com,blackbird511,1985-03-27,2018-05-12 11:06:40.908000+05:30,https://randomuser.me/api/portraits/thumb/women/20.jpg,39,7522868516
bb545dfecf4910753903d9de125fb6f01dcdfbeb3280582f9599431f17cf5a89,Arnav,Rai,male," MG Rd Bangalore, Baranagar, Sikkim, India",58959,arnav.rai@email.com,angrykoala713,1991-12-23,2012-08-22 17:19:40.794000+05:30,https://randomuser.me/api/portraits/thumb/men/13.jpg,32,7921994825
a8d37a07ff014f6f32261e7e6c4a66662afe30e8816683b8453cdfd1f8ab4b40,Fitan,Kavser,male," Kazimar St, Berhampur, Maharashtra, India",27482,fitan.kavser@email.com,bluetiger669,1990-01-05,2016-09-05 18:54:07.594000+05:30,https://randomuser.me/api/portraits/thumb/men/96.jpg,34,7201783981
56bf55fd50a21a69e9c00267e2401c2d900b1c29a46517572af4e12f0b68d575,Laura,Teixeira,female," Rua Dezesseis de Maio, Ribeiro Pires, Rio Grande do Sul, Brazil",47650,laura.teixeira@email.com,orangeelephant243,1986-11-01,2015-05-18 20:34:20.835000+05:30,https://randomuser.me/api/portraits/thumb/women/15.jpg,38,7442082514
05d31abd89c0a1b71dd47a43800136793ec8ff4e71fcd5397496875e220461ce,Evelia,Angulo,female," Privada Tejada, Jucatacato, Sinaloa, Mexico",75570,evelia.angulo@email.com,lazywolf167,1987-08-31,2007-04-11 15:43:15.398000+05:30,https://randomuser.me/api/portraits/thumb/women/53.jpg,37,6557454722
caed8e83836c2fc8e97a84231f511f930bf29e70123eee5fd3bf6c99b2748088,Sauro,Rodrigues,male," Rua Bela Vista , Betim, Mato Grosso, Brazil",70997,sauro.rodrigues@email.com,greenbird130,1987-10-25,2015-06-26 07:18:23.427000+05:30,https://randomuser.me/api/portraits/thumb/men/34.jpg,37,4346062922
ca380516ea0fe0aad4b7f5df76732ac0a1ec94adbe15fcc90c7789efa78a082d,Praneetha,Sullad,female," Santhekatte, Thanjavur, Andhra Pradesh, India",85414,praneetha.sullad@email.com,ticklishleopard971,1988-02-23,2018-08-02 17:46:29.100000+05:30,https://randomuser.me/api/portraits/thumb/women/58.jpg,36,7994790514
75cffc67c67c5dd1c0580ac21a98b1a8cd5a2c09fee64fec486f2efd9483a9f1,Harsh,Pai,male," Bannerghatta Rd, Sangli, Bihar, India",51951,harsh.pai@email.com,sadswan832,1987-12-29,2005-04-24 04:17:23.505000+05:30,https://randomuser.me/api/portraits/thumb/men/15.jpg,36,7058729244
a4368c3cbebd636ea016c0494e9ee2f39c09ace928d1d30f86426cc5e637c931,Nalan,Demirel,female," Talak Gktepe Cd, Konya, Antalya, Turkey",43455,nalan.demirel@email.com,purplefish387,1993-04-15,2019-05-17 15:36:21.072000+05:30,https://randomuser.me/api/portraits/thumb/women/67.jpg,31,4048089376
f83b9798c5dd2676570728eef584a1c7db3f8e9cdaf048f0d377f8b70b0672d2,Isabelle,Anderson,female," Northcote Road, Blenheim, Otago, New Zealand",40208,isabelle.anderson@email.com,orangeladybug108,1997-10-15,2010-12-12 15:08:12.186000+05:30,https://randomuser.me/api/portraits/thumb/women/70.jpg,27,7113917463
ec8ef569c3965700fdcf3a9e7206699e86ce3564fa57e8f2921311f79a88befa,Meik,Schulze,male," Burgstrae, Immenhausen, MecklenburgVorpommern, Germany",29623,meik.schulze@email.com,goldenpeacock587,1996-05-28,2004-11-23 14:55:36.821000+05:30,https://randomuser.me/api/portraits/thumb/men/40.jpg,28,6224924636
be40d05f24063f10dc05539a0e36d47d2ce61e03058af2daaad21eba7d251732,Benete,Nogueira,female," Rua So Jorge , Santos, Bahia, Brazil",63324,benete.nogueira@email.com,ticklishrabbit617,1988-11-27,2006-05-01 14:19:05.643000+05:30,https://randomuser.me/api/portraits/thumb/women/39.jpg,35,6137442894
9d5607a61c19bc20ff9960d8f4ebf50b17d83c5556835222aac6550565a6547b,Stephanie,Reynolds,female," Blossom Hill Rd, Oakland, Missouri, United States",87875,stephanie.reynolds@email.com,angrykoala746,1992-03-10,2016-09-04 00:49:39.151000+05:30,https://randomuser.me/api/portraits/thumb/women/61.jpg,32,2114751489
d2e9689c2bcb1dbe004fd671aefc1077491e587174262cad2e79fb4a989876a6,Juno,Sales,male," Rua Joo Xxiii, So Caetano do Sul, Rio de Janeiro, Brazil",16948,juno.sales@email.com,tinybear819,1990-02-11,2020-06-12 10:34:57.364000+05:30,https://randomuser.me/api/portraits/thumb/men/30.jpg,34,4838311638
bafbee210cad9262e150641c0884627457570b9e8260bb0a68421474104b020c,Gopika,Rajesh,female," Sampige Rd, MiraBhayandar, Kerala, India",52962,gopika.rajesh@email.com,orangetiger383,1990-11-07,2013-01-01 15:54:48.131000+05:30,https://randomuser.me/api/portraits/thumb/women/95.jpg,34,8349321519
af0fbce004905ed6cf23dd03eb0b8a7587bdbf665eb2cae221296b23d2f67212,Meera,Kouser,female," SA Rd, Sambhal, Gujarat, India",46944,meera.kouser@email.com,yellowduck601,1987-05-07,2018-01-02 22:14:37.793000+05:30,https://randomuser.me/api/portraits/thumb/women/38.jpg,37,7107193309
d0810dc3842517125ad2eac1e0f440770155b24188e666d8eca12b44b05b46e9,Volkan,Kaya,male," Maka Cd, Bilecik, Gmhane, Turkey",88728,volkan.kaya@email.com,bluebutterfly419,1987-06-18,2005-12-07 20:21:13.308000+05:30,https://randomuser.me/api/portraits/thumb/men/99.jpg,37,5079285787
7137b871f9510bfd5048b7ab4d17ad43458848944537ac48bd42c6605e0a0f10,Elena,Navarrete,female," Pasaje Batista, San Juan Amecac, Morelos, Mexico",80301,elena.navarrete@email.com,organicladybug678,1986-07-23,2018-12-05 10:41:39.161000+05:30,https://randomuser.me/api/portraits/thumb/women/12.jpg,38,6257121035
4ebc8e5defced02b1a2d41ef3e1d9479add366b3e0d94d1bae67843908a69217,Aadi,Kini,male," Rajpur Rd, Gangtok, Puducherry, India",19051,aadi.kini@email.com,tinylion138,2000-11-25,2012-02-17 16:00:10.777000+05:30,https://randomuser.me/api/portraits/thumb/men/95.jpg,23,9909873977
576bd0cc3f8bc7b099606745481648d9657f1df7289a49c38d0ad5fd89cbf46c,Nevaeh,Thompson,female," Ronwood Avenue, Taupo, Southland, New Zealand",19468,nevaeh.thompson@email.com,redkoala188,1992-10-20,2022-03-26 01:24:46.393000+05:30,https://randomuser.me/api/portraits/thumb/women/82.jpg,32,3540155309
527e1d1373e4577ac984c352831e5ec9e34d3a6d1a6268f0601dcb73a0b76fa1,Dona,Padmanabha,female," Rajaji Salai, Mathura, Tamil Nadu, India",53127,dona.padmanabha@email.com,blackwolf598,1994-05-10,2012-09-22 23:53:22.964000+05:30,https://randomuser.me/api/portraits/thumb/women/95.jpg,30,8311955964
436ca3d5d2c7d25967de3e8e9f8316f4397d56c7ab1bcffdcc2428c7fa5b2c15,Byron,Jones,male," Woodland St, Provo, Alaska, United States",49988,byron.jones@email.com,saddog436,1986-12-24,2010-09-24 17:26:33.442000+05:30,https://randomuser.me/api/portraits/thumb/men/26.jpg,37,4868578305
011affb9c63ed2f53f9e29f5b4169cbcb51ab803c791786ecb47c0a8515b77b2,Arine,da Cunha,male," Beco dos Namorados, Imperatriz, Tocantins, Brazil",40753,arine.dacunha@email.com,goldenelephant752,2000-01-07,2016-02-27 20:41:45.222000+05:30,https://randomuser.me/api/portraits/thumb/men/55.jpg,24,9827695363
633efff53baadcecb964e2f475e14f0bba28cc862e3c8abd786933c97d9013aa,Natacha,Vieira,female," Rua Belo Horizonte , Juazeiro, Sergipe, Brazil",31471,natacha.vieira@email.com,lazyfrog481,1995-05-26,2013-06-25 15:09:49.832000+05:30,https://randomuser.me/api/portraits/thumb/women/18.jpg,29,7862890611
78733376e30df31f51e0cb18332f06c28170c666ebfa25f22bf433df3a0c54e9,Ramon,Castro,male," Rua Bela Vista , Niteri, Minas Gerais, Brazil",45384,ramon.castro@email.com,greenmeercat170,2000-01-04,2021-09-26 03:26:11.295000+05:30,https://randomuser.me/api/portraits/thumb/men/25.jpg,24,7637267422
3250f37f41d9fd6ab7cdaefad81d82b8e634bf4392ecaf088104f5905f39e1c1,James,Rauer,male," Mhlenstrae, Dinkelsbhl, Berlin, Germany",27629,james.rauer@email.com,blackgorilla877,1987-03-01,2013-02-10 22:48:44.510000+05:30,https://randomuser.me/api/portraits/thumb/men/30.jpg,37,6334655407
c1364160bcd3439c2474cf5e85d7f470a32384e5e8bef72293dc10a76638e452,Zoe,Morales,female," Miller Ave, Sterling Heights, Kentucky, United States",76843,zoe.morales@email.com,sadwolf488,1991-02-01,2016-03-29 10:27:58.138000+05:30,https://randomuser.me/api/portraits/thumb/women/27.jpg,33,7335266919
1f79c1fc0efe628fa6516a8f5fab6513aa6cb3bcdead78f6fe91e6bdff56e678,Kerim,Orbay,male," Tunal Hilmi Cd, Edirne, Mu, Turkey",46067,kerim.orbay@email.com,redelephant941,1988-11-06,2013-09-29 13:34:39.798000+05:30,https://randomuser.me/api/portraits/thumb/men/27.jpg,36,8391504163
431cebd9765088d1884135bda57a69a3b8bf9e21a206d449fd4ff3fcf3f117d3,Xenia,Beyer,female," Waldstrae, Soest, SachsenAnhalt, Germany",23861,xenia.beyer@email.com,greenzebra667,1999-10-23,2002-10-06 15:29:25.956000+05:30,https://randomuser.me/api/portraits/thumb/women/94.jpg,25,4685976595
f61995aeb692aee7bcae5458e5a57df79dbd098210601908ebff7228e2862413,Sarah,Brown,female," Ponsonby Road, Wellington, Waikato, New Zealand",26602,sarah.brown@email.com,heavypeacock819,1999-03-30,2002-12-07 01:50:11.287000+05:30,https://randomuser.me/api/portraits/thumb/women/5.jpg,25,7954470903
b5306ebee7658eebe80a0aa6d94449c36b0f9060bbfa6dd8962ae7005b67e198,Kim,Smith,female," Spring St, Great Falls, South Carolina, United States",10980,kim.smith@email.com,blacksnake336,1987-05-30,2012-11-09 23:24:29.404000+05:30,https://randomuser.me/api/portraits/thumb/women/43.jpg,37,7366223814
9f4359751fe0e7bf4a30924e6aa659a52c37759cf6d06d91599960d58b36130a,Archie,Clarke,male," Old Taupo Road, Palmerston North, West Coast, New Zealand",80191,archie.clarke@email.com,ticklishpeacock825,1999-02-20,2008-02-23 10:50:43.087000+05:30,https://randomuser.me/api/portraits/thumb/men/18.jpg,25,8010672072
0337c94efd9c87cdf15ef8ad76d69ed28d125a7acc2b101a9f0ac83d5c5e4abb,Onata,das Neves,female," Rua Treze de Maio , So Lus, Gois, Brazil",36749,onata.dasneves@email.com,organicmeercat403,1988-05-05,2008-01-16 11:40:55.737000+05:30,https://randomuser.me/api/portraits/thumb/women/96.jpg,36,7686858758
ae0e1a5c8ace9dcae89f5442fb5d6cb7337c80360ac8977af9a07b8a56c1279d,Berilo,Monteiro,male," Rua Trs, Hortolndia, Mato Grosso do Sul, Brazil",61382,berilo.monteiro@email.com,bigsnake161,1998-04-30,2017-05-30 05:46:30.994000+05:30,https://randomuser.me/api/portraits/thumb/men/57.jpg,26,8910934607
0a89f3d024835b1bf8c35bc9b14c6014263b32a49fda0205e8e2c2882eb16f55,Ryan,Kaur,male," Rani No Hajiro, Phagwara, Kerala, India",51666,ryan.kaur@email.com,organiclion553,1999-07-07,2019-12-01 12:56:18.361000+05:30,https://randomuser.me/api/portraits/thumb/men/25.jpg,25,8956819705
6baed1b4ba34ef20f4d844cb23ece5035377613605e80ba57727b2b8497d21b4,Saanvi,Shroff,female," Bandstand Promenade, Raipur, Jharkhand, India",87908,saanvi.shroff@email.com,lazyfrog407,1989-04-12,2010-07-17 08:57:28.014000+05:30,https://randomuser.me/api/portraits/thumb/women/57.jpg,35,8863251945
4a708761aca8fb5695f581d921b0fc11f533ce79a6f9026a611a4193f8a1d922,Grishma,Sheikh,female," Gali Paranthe Wali, Kadapa, Nagaland, India",39983,grishma.sheikh@email.com,brownkoala759,1997-04-02,2010-08-09 05:40:19.007000+05:30,https://randomuser.me/api/portraits/thumb/women/6.jpg,27,8832872801
3aba6d26e2632205aa5278034e23d972bd8ca3bd62a032106f1392c2b9c4a9e0,Silvano,Balderas,male," Circunvalacin Nayarit, Tarandacuao, Durango, Mexico",48193,silvano.balderas@email.com,tinysnake490,1997-11-11,2020-12-08 06:59:54.673000+05:30,https://randomuser.me/api/portraits/thumb/men/42.jpg,26,6923746900
b448679e7ca201ece0d078a2f6f3e74ca9da5f705f3905b5776ee5eda72d94d7,Luis Miguel,Melgar,male," Perifrico Nuevo Len, Huamuxtitln, Jalisco, Mexico",89742,luismiguel.melgar@email.com,lazyladybug302,1995-10-13,2009-09-19 11:53:21.912000+05:30,https://randomuser.me/api/portraits/thumb/men/18.jpg,29,6480700377
d9c97db9de19261774591ef03d2b70e82ff91313677cbe88a737890181e9cd0c,Risiele,Fernandes,female," Rua Amazonas , Caruaru, Par, Brazil",27070,risiele.fernandes@email.com,purplerabbit563,1997-03-05,2018-04-21 12:16:40.124000+05:30,https://randomuser.me/api/portraits/thumb/women/61.jpg,27,7207857430
c7126c95d5f7755e5aa5612b9cf59a2477cdcf202f7871693637dd098d6241e9,Ginestal,Moreira,male," Rua Vinte de Setembro, Cubato, Maranho, Brazil",36148,ginestal.moreira@email.com,whitebird574,1996-03-16,2005-06-16 04:18:58.465000+05:30,https://randomuser.me/api/portraits/thumb/men/1.jpg,28,3947073014
a64fe5dbe6c51719e462549f325fd60a8b569b85f50d1879d1b385e6063f46ca,Nitesh,Prabhu,male," Somwar Peth, Dhanbad, Tamil Nadu, India",45036,nitesh.prabhu@email.com,happygorilla984,1994-04-08,2012-06-29 02:52:40.169000+05:30,https://randomuser.me/api/portraits/thumb/men/47.jpg,30,9564567320
570542b44be2722b48a89a10cc35a50ce1eb890e60410c1e3fc5d3cb41a3c4c7,Cleonice,da Mota,female," Rua Treze de Maio , So Jos dos Campos, Santa Catarina, Brazil",22756,cleonice.damota@email.com,ticklishbear868,1989-07-25,2002-11-22 05:43:35.394000+05:30,https://randomuser.me/api/portraits/thumb/women/43.jpg,35,6426915282
976aecd2d5f6bb03391dc8c0e6604aa6982276d35eaa99cf9803c7f4e80706dd,Zack,Sullivan,male," Depaul Dr, Richmond, New York, United States",97675,zack.sullivan@email.com,silvercat735,1989-04-08,2004-09-14 10:23:53.513000+05:30,https://randomuser.me/api/portraits/thumb/men/86.jpg,35,2167198801
73e9f3b00c2eac10655381d90869507b4133ff4a52167cf9252b1b8446915158,Santana,Souza,male," Rua Quinze de Novembro , Cubato, Paran, Brazil",54829,santana.souza@email.com,bluesnake659,1994-07-11,2005-01-31 14:51:36.783000+05:30,https://randomuser.me/api/portraits/thumb/men/42.jpg,30,1088526766
a6a60c75443f3fd8b3c17e504384fae4643a1e4d35ba54409724c2eced876847,Deolindo,Nogueira,male," Avenida da Democracia, Franca, Maranho, Brazil",75194,deolindo.nogueira@email.com,angryleopard429,1986-01-10,2008-12-13 06:39:42.487000+05:30,https://randomuser.me/api/portraits/thumb/men/72.jpg,38,8674594294
d7e4aa10c68e6a9e0c87d1810faf4eceaca0c41c22d09190476778068c3d45d2,Pepe,Teixeira,male," Rua So Jorge , Joinville, Mato Grosso, Brazil",21379,pepe.teixeira@email.com,ticklishpanda869,1987-11-01,2021-12-05 14:17:34.155000+05:30,https://randomuser.me/api/portraits/thumb/men/57.jpg,37,7425415378
1d241f8ea36f7e29114f16eda4cd1edaa905b1f399d2b6e7e671c72ab36b9970,Maia,Li,female," Nelson Quay, Upper Hutt, Otago, New Zealand",46844,maia.li@email.com,brownsnake734,1996-04-26,2007-03-20 18:04:24.659000+05:30,https://randomuser.me/api/portraits/thumb/women/7.jpg,28,9672957737
8892898382aded52850c97774ee89681d0f23253da78351ed4d217a9f4e3b234,Alejandra,Laureano,female," Circuito Mercado, San Sebastin Villanueva, Campeche, Mexico",16002,alejandra.laureano@email.com,brownlion430,1988-05-01,2021-05-15 15:59:38.410000+05:30,https://randomuser.me/api/portraits/thumb/women/69.jpg,36,6031681966
244e96a121d5a4d3aa7011341ac025a61cced973d26d8b24fe3d158d869ff17c,Gagan,Manjunath,male," China Bazaar Rd, New Delhi, Uttarakhand, India",41167,gagan.manjunath@email.com,organicrabbit205,1997-08-08,2015-08-20 03:15:09.743000+05:30,https://randomuser.me/api/portraits/thumb/men/64.jpg,27,7155442713
e9ef29e748a3c82af4d355c1e9f18021473eec9028c72bc11c5659bbf4c3bccb,Rejanete,da Luz,female," Rua Pernambuco , Santos, Minas Gerais, Brazil",94176,rejanete.daluz@email.com,angrybutterfly355,1998-10-31,2022-04-13 15:48:16.843000+05:30,https://randomuser.me/api/portraits/thumb/women/66.jpg,26,9829791794
